Designator,Footprint,Quantity,Value,LCSC Part #
"C15, C20",0603,2,33pF,
"C21, C24",0603,2,0.01uF,
C22,0603,1,1uF,
C23,0603,1,0.1uF,
D1,0805,1,LED,
"H1, H2",MountingHole_3.2mm_M3_DIN965_Pad,2,MountingHole,
J1,PinHeader_1x07_P2.54mm_Vertical,1,Conn_01x07,
"J2, J3",PinHeader_1x02_P2.54mm_Vertical,2,Conn_01x02,
"L3, L4",0805,2,18uH,
"R1, R13, R2, R8",0603,4,4.7k,
R7,0603,1,0R,
U1,WQFN-16-1EP_4x4mm_P0.5mm_EP2.6x2.6mm,1,FDC2214,
X1,Oscillator_SMD_Abracon_ASV-4Pin_7.0x5.1mm,1,ASV-xxxMHz,
